,BALANCE,BALANCE_FREQUENCY,PURCHASES,ONEOFF_PURCHASES,INSTALLMENTS_PURCHASES,CASH_ADVANCE,PURCHASES_FREQUENCY,ONEOFF_PURCHASES_FREQUENCY,PURCHASES_INSTALLMENTS_FREQUENCY,CASH_ADVANCE_FREQUENCY,CASH_ADVANCE_TRX,PURCHASES_TRX,CREDIT_LIMIT,PAYMENTS,MINIMUM_PAYMENTS,ONEOFFPURCHASES_TOTAL,TOTAL_OWED,PCT_PAID
Component 1,-0.008876767082251718,0.11226921268626583,0.03313732970961887,0.02011972270244923,0.03578587637631976,-0.016173847417676933,0.6977236694571146,0.24643695577433497,0.6509589909613608,-0.07042788338482664,-0.019265688920499846,0.0765952083502022,0.029918995218809186,0.01348686394243393,0.001225453967943238,0.019821890814246214,0.017392936808671915,-0.001604414480327088
Component 2,0.08070833272524676,0.21758430611599192,0.04981803691341301,0.06124517659922824,-0.0024054047634879568,0.012401140112335712,0.07397274130486996,0.8369712170259836,-0.4485131057144648,0.048463899021166996,0.016583125021143973,0.06244713452498407,0.12901249353297733,0.0453154405256679,0.0009624969914528051,0.060374788374538614,0.06104331072731325,-0.0007920998365335618
Component 3,-0.2197222282845467,-0.8951753553881557,0.007389268981878985,0.0126951289127892,-0.006887372820527178,-0.05907187100561455,0.10404748233910759,0.23075213546181375,-0.0760364011905116,-0.2526073606263998,-0.0829402990223663,0.004737587700584654,-0.050423807837084327,-0.017053535632082978,-0.026150515463432764,0.012507660236273106,-0.048835221427405234,0.0024505554096572704
