Segment,BALANCE,BALANCE_FREQUENCY,PURCHASES,ONEOFF_PURCHASES,INSTALLMENTS_PURCHASES,CASH_ADVANCE,PURCHASES_FREQUENCY,ONEOFF_PURCHASES_FREQUENCY,PURCHASES_INSTALLMENTS_FREQUENCY,CASH_ADVANCE_FREQUENCY,CASH_ADVANCE_TRX,PURCHASES_TRX,CREDIT_LIMIT,PAYMENTS,MINIMUM_PAYMENTS,ONEOFFPURCHASES_TOTAL,TOTAL_OWED,PCT_PAID
0,0.11641468550241975,0.9697190332326298,0.004426769876625542,0.004317782563133119,0.0018303473648875396,0.03537540653694542,0.10258006042296054,0.059253776435045764,0.0420664652567976,0.15664451158107,0.0456684597057458,0.005373930361693793,0.1387268934629207,0.02979642902478328,0.013574309994703567,0.018759202768985492,0.0379973937926615,0.002089307548483695
1,0.058519400627022405,0.9272034227926907,0.019786655831970836,0.00511483125755572,0.03389065249146459,0.01043520102600054,0.8714974718008569,0.07680280046674474,0.8192804356281638,0.04644625956177867,0.013401510911258376,0.05391246151205192,0.12554273951983844,0.025538675613339706,0.012231078469385401,0.01953010154866915,0.029481491614187345,0.0006490797468059336
2,0.00888621007643287,0.38256305939788454,0.006959398777661606,0.00555920883333483,0.005107871982641704,0.010688539720865628,0.20330349877949588,0.06931651749389728,0.12616761594792514,0.03280173582858706,0.008804831742377613,0.00922765022205447,0.1267989817583152,0.026195826989421786,0.002246663350179428,0.019979057787315787,0.017039362376810644,0.003688832642477095
3,0.1243414719494546,0.9877093023255816,0.08747952169864012,0.0684242988987916,0.06670658552971571,0.01768137992479085,0.9739069767441848,0.7752674418604644,0.8489302325581387,0.06868992248062025,0.024172811495556768,0.1696602572430819,0.25184998252902097,0.08423880219840252,0.01215144928725699,0.08193804475175122,0.10329924400812678,0.00027012197695520755
4,0.08330582025649044,0.9591326530612244,0.03447039663217729,0.03771732456483468,0.006813284353741477,0.013873224181759,0.7349591836734695,0.6779693877551017,0.13484693877551027,0.06941496598639463,0.019561971129915322,0.05520465169307939,0.17725281148853556,0.037646672553316524,0.008554448516631227,0.051669486067569104,0.04726744626275476,0.0007250268528463812
