Segment,BALANCE,BALANCE_FREQUENCY,PURCHASES,ONEOFF_PURCHASES,INSTALLMENTS_PURCHASES,CASH_ADVANCE,PURCHASES_FREQUENCY,ONEOFF_PURCHASES_FREQUENCY,PURCHASES_INSTALLMENTS_FREQUENCY,CASH_ADVANCE_FREQUENCY,CASH_ADVANCE_TRX,PURCHASES_TRX,CREDIT_LIMIT,PAYMENTS,MINIMUM_PAYMENTS,ONEOFFPURCHASES_TOTAL,TOTAL_OWED,PCT_PAID
0,0.11641468550241972,0.9697190332326284,0.004426769876625541,0.004317782563133118,0.001830347364887538,0.03537540653694544,0.10258006042296074,0.05925377643504531,0.04206646525679759,0.15664451158106743,0.045668459705745075,0.005373930361693847,0.13872689346292155,0.02979642902478321,0.01357430999470356,0.018759202768985437,0.037997393792661524,0.0020893075484836447
1,0.0585194006270224,0.9272034227926877,0.01978665583197085,0.005114831257555721,0.033890652491464585,0.010435201026000542,0.8714974718008557,0.07680280046674447,0.8192804356281602,0.04644625956177881,0.013401510911258465,0.053912461512052104,0.12554273951984019,0.02553867561333975,0.012231078469385398,0.019530101548669083,0.02948149161418739,0.000649079746805938
2,0.00888621007643287,0.3825630593978845,0.006959398777661612,0.005559208833334837,0.005107871982641695,0.010688539720865628,0.20330349877949552,0.06931651749389747,0.12616761594792514,0.03280173582858691,0.008804831742377629,0.009227650222054502,0.12679898175831428,0.02619582698942181,0.0022466633501794283,0.019979057787315718,0.017039362376810634,0.0036888326424770663
3,0.12434147194945447,0.9877093023255813,0.08747952169864,0.06842429889879162,0.06670658552971573,0.01768137992479085,0.9739069767441861,0.7752674418604651,0.8489302325581396,0.06868992248062014,0.02417281149555681,0.1696602572430817,0.25184998252902124,0.08423880219840252,0.012151449287256989,0.08193804475175122,0.1032992440081267,0.0002701219769552086
4,0.08330582025649041,0.9591326530612245,0.034470396632177366,0.03771732456483463,0.006813284353741476,0.013873224181759005,0.7349591836734694,0.677969387755102,0.1348469387755102,0.06941496598639454,0.019561971129915375,0.055204651693079435,0.1772528114885353,0.037646672553316454,0.008554448516631235,0.05166948606756912,0.047267446262754705,0.0007250268528463859
